PRAGMA foreign_keys=OFF;
BEGIN TRANSACTION;
CREATE TABLE IF NOT EXISTS "django_migrations" ("id" integer NOT NULL PRIMARY KEY AUTOINCREMENT, "app" varchar(255) NOT NULL, "name" varchar(255) NOT NULL, "applied" datetime NOT NULL);
INSERT INTO django_migrations VALUES(1,'contenttypes','0001_initial','2023-11-19 05:23:42.571768');
INSERT INTO django_migrations VALUES(2,'auth','0001_initial','2023-11-19 05:23:42.600891');
INSERT INTO django_migrations VALUES(10,'admin','0001_initial','2023-11-19 05:23:42.737734');
INSERT INTO django_migrations VALUES(11,'admin','0002_logentry_remove_auto_add','2023-11-19 05:23:42.769834');
INSERT INTO django_migrations VALUES(12,'admin','0003_logentry_add_action_flag_choices','2023-11-19 05:23:42.791272');
INSERT INTO django_migrations VALUES(13,'agent','0001_initial','2023-11-19 05:23:42.799552');
INSERT INTO django_migrations VALUES(14,'contenttypes','0002_remove_content_type_name','2023-11-19 05:23:42.841827');
INSERT INTO django_migrations VALUES(15,'auth','0002_alter_permission_name_max_length','2023-11-19 05:23:42.860532');
INSERT INTO django_migrations VALUES(16,'auth','0003_alter_user_email_max_length','2023-11-19 05:23:42.889358');
INSERT INTO django_migrations VALUES(17,'auth','0004_alter_user_username_opts','2023-11-19 05:23:42.903333');
INSERT INTO django_migrations VALUES(18,'auth','0005_alter_user_last_login_null','2023-11-19 05:23:42.920971');
INSERT INTO django_migrations VALUES(19,'auth','0006_require_contenttypes_0002','2023-11-19 05:23:42.926699');
INSERT INTO django_migrations VALUES(20,'auth','0007_alter_validators_add_error_messages','2023-11-19 05:23:42.940209');
INSERT INTO django_migrations VALUES(21,'auth','0008_alter_user_username_max_length','2023-11-19 05:23:42.958913');
INSERT INTO django_migrations VALUES(22,'auth','0009_alter_user_last_name_max_length','2023-11-19 05:23:42.978635');
INSERT INTO django_migrations VALUES(23,'auth','0010_alter_group_name_max_length','2023-11-19 05:23:42.997672');
INSERT INTO django_migrations VALUES(24,'auth','0011_update_proxy_permissions','2023-11-19 05:23:43.016494');
INSERT INTO django_migrations VALUES(25,'auth','0012_alter_user_first_name_max_length','2023-11-19 05:23:43.033572');
INSERT INTO django_migrations VALUES(26,'allusers','0001_initial','2023-11-19 05:23:43.058885');
INSERT INTO django_migrations VALUES(27,'sessions','0001_initial','2023-11-19 05:23:43.071704');
INSERT INTO django_migrations VALUES(28,'ticket_management','0001_initial','2023-11-19 05:23:43.098787');
INSERT INTO django_migrations VALUES(29,'ticket_management','0002_remove_ticket_agent_delete_agent','2023-11-19 05:23:43.124134');
INSERT INTO django_migrations VALUES(30,'agent','0002_rename_grand_fare_agentlog_base_fare','2023-11-19 05:44:11.690565');
INSERT INTO django_migrations VALUES(33,'Customer','0001_initial','2023-11-20 16:28:42.386367');
INSERT INTO django_migrations VALUES(34,'Customer','0002_rename_agent_id_saleslog_agent_name','2023-11-20 16:28:42.400454');
INSERT INTO django_migrations VALUES(35,'Customer','0003_customer_file','2023-11-20 16:28:42.415283');
INSERT INTO django_migrations VALUES(36,'Customer','0004_rename_grand_fare_saleslog_base_fare_and_more','2023-11-20 16:28:42.437620');
INSERT INTO django_migrations VALUES(37,'Customer','0004_alter_saleslog_customer','2023-11-20 16:28:42.450759');
INSERT INTO django_migrations VALUES(38,'Customer','0005_merge_20231119_0523','2023-11-20 16:28:42.459387');
INSERT INTO django_migrations VALUES(39,'Customer','0006_alter_saleslog_customer','2023-11-20 16:28:42.477629');
INSERT INTO django_migrations VALUES(40,'Customer','0007_saleslog_issue_types','2023-11-20 16:28:42.492381');
INSERT INTO django_migrations VALUES(41,'Customer','0008_saleslog_penalty_saleslog_refund_price_and_more','2023-11-20 16:28:42.512709');
INSERT INTO django_migrations VALUES(42,'Customer','0009_saleslog_id_alter_saleslog_agent_name_and_more','2023-11-20 16:28:42.536296');
INSERT INTO django_migrations VALUES(43,'Customer','0010_saleslog_due_saleslog_paid_saleslog_payment_status_and_more','2023-11-20 17:26:29.068133');
INSERT INTO django_migrations VALUES(44,'Customer','0011_remove_customer_user','2023-11-21 06:23:04.599692');
INSERT INTO django_migrations VALUES(45,'oauth2_provider','0001_initial','2023-11-21 06:43:37.180447');
INSERT INTO django_migrations VALUES(46,'oauth2_provider','0002_auto_20190406_1805','2023-11-21 06:43:37.225212');
INSERT INTO django_migrations VALUES(47,'oauth2_provider','0003_auto_20201211_1314','2023-11-21 06:43:37.246453');
INSERT INTO django_migrations VALUES(48,'oauth2_provider','0004_auto_20200902_2022','2023-11-21 06:43:37.336812');
INSERT INTO django_migrations VALUES(49,'oauth2_provider','0005_auto_20211222_2352','2023-11-21 06:43:37.431689');
INSERT INTO django_migrations VALUES(50,'oauth2_provider','0006_alter_application_client_secret','2023-11-21 06:43:37.476551');
INSERT INTO django_migrations VALUES(51,'oauth2_provider','0007_application_post_logout_redirect_uris','2023-11-21 06:43:37.497820');
INSERT INTO django_migrations VALUES(52,'default','0001_initial','2023-11-21 06:43:37.542940');
INSERT INTO django_migrations VALUES(53,'social_auth','0001_initial','2023-11-21 06:43:37.547871');
INSERT INTO django_migrations VALUES(54,'default','0002_add_related_name','2023-11-21 06:43:37.577576');
INSERT INTO django_migrations VALUES(55,'social_auth','0002_add_related_name','2023-11-21 06:43:37.578216');
INSERT INTO django_migrations VALUES(56,'default','0003_alter_email_max_length','2023-11-21 06:43:37.588907');
INSERT INTO django_migrations VALUES(57,'social_auth','0003_alter_email_max_length','2023-11-21 06:43:37.589419');
INSERT INTO django_migrations VALUES(58,'default','0004_auto_20160423_0400','2023-11-21 06:43:37.612065');
INSERT INTO django_migrations VALUES(59,'social_auth','0004_auto_20160423_0400','2023-11-21 06:43:37.612595');
INSERT INTO django_migrations VALUES(60,'social_auth','0005_auto_20160727_2333','2023-11-21 06:43:37.624429');
INSERT INTO django_migrations VALUES(61,'social_django','0006_partial','2023-11-21 06:43:37.641925');
INSERT INTO django_migrations VALUES(62,'social_django','0007_code_timestamp','2023-11-21 06:43:37.668791');
INSERT INTO django_migrations VALUES(63,'social_django','0008_partial_timestamp','2023-11-21 06:43:37.689167');
INSERT INTO django_migrations VALUES(64,'social_django','0009_auto_20191118_0520','2023-11-21 06:43:37.727022');
INSERT INTO django_migrations VALUES(65,'social_django','0010_uid_db_index','2023-11-21 06:43:37.749420');
INSERT INTO django_migrations VALUES(66,'social_django','0011_alter_id_fields','2023-11-21 06:43:37.793524');
INSERT INTO django_migrations VALUES(67,'social_django','0012_usersocialauth_extra_data_new','2023-11-21 06:43:37.828964');
INSERT INTO django_migrations VALUES(68,'social_django','0013_migrate_extra_data','2023-11-21 06:43:37.855342');
INSERT INTO django_migrations VALUES(69,'social_django','0014_remove_usersocialauth_extra_data','2023-11-21 06:43:37.882923');
INSERT INTO django_migrations VALUES(70,'social_django','0015_rename_extra_data_new_usersocialauth_extra_data','2023-11-21 06:43:37.907582');
INSERT INTO django_migrations VALUES(71,'users','0001_initial','2023-11-21 06:43:37.925684');
INSERT INTO django_migrations VALUES(72,'social_django','0002_add_related_name','2023-11-21 06:43:37.937423');
INSERT INTO django_migrations VALUES(73,'social_django','0004_auto_20160423_0400','2023-11-21 06:43:37.944106');
INSERT INTO django_migrations VALUES(74,'social_django','0001_initial','2023-11-21 06:43:37.950959');
INSERT INTO django_migrations VALUES(75,'social_django','0005_auto_20160727_2333','2023-11-21 06:43:37.956597');
INSERT INTO django_migrations VALUES(76,'social_django','0003_alter_email_max_length','2023-11-21 06:43:37.962019');
INSERT INTO django_migrations VALUES(77,'Customer','0012_saleslog_created_on','2023-11-22 06:14:15.861503');
INSERT INTO django_migrations VALUES(78,'Customer','0013_alter_saleslog_issue_types','2023-11-27 08:50:33.747252');
INSERT INTO django_migrations VALUES(79,'Customer','0014_alter_customer_booking_type_alter_customer_email_and_more','2024-02-17 09:13:22.355633');
INSERT INTO django_migrations VALUES(80,'Customer','0015_alter_customer_phone_number','2024-02-17 09:40:49.407378');
CREATE TABLE IF NOT EXISTS "auth_group_permissions" ("id" integer NOT NULL PRIMARY KEY AUTOINCREMENT, "group_id" integer NOT NULL REFERENCES "auth_group" ("id") DEFERRABLE INITIALLY DEFERRED, "permission_id" integer NOT NULL REFERENCES "auth_permission" ("id") DEFERRABLE INITIALLY DEFERRED);
CREATE TABLE IF NOT EXISTS "auth_user_groups" ("id" integer NOT NULL PRIMARY KEY AUTOINCREMENT, "user_id" integer NOT NULL REFERENCES "auth_user" ("id") DEFERRABLE INITIALLY DEFERRED, "group_id" integer NOT NULL REFERENCES "auth_group" ("id") DEFERRABLE INITIALLY DEFERRED);
CREATE TABLE IF NOT EXISTS "auth_user_user_permissions" ("id" integer NOT NULL PRIMARY KEY AUTOINCREMENT, "user_id" integer NOT NULL REFERENCES "auth_user" ("id") DEFERRABLE INITIALLY DEFERRED, "permission_id" integer NOT NULL REFERENCES "auth_permission" ("id") DEFERRABLE INITIALLY DEFERRED);
INSERT INTO auth_user_user_permissions VALUES(9,3,32);
INSERT INTO auth_user_user_permissions VALUES(10,3,1);
INSERT INTO auth_user_user_permissions VALUES(11,3,2);
INSERT INTO auth_user_user_permissions VALUES(12,3,3);
INSERT INTO auth_user_user_permissions VALUES(13,3,25);
INSERT INTO auth_user_user_permissions VALUES(14,3,26);
INSERT INTO auth_user_user_permissions VALUES(15,3,27);
INSERT INTO auth_user_user_permissions VALUES(16,3,28);
INSERT INTO auth_user_user_permissions VALUES(17,3,29);
INSERT INTO auth_user_user_permissions VALUES(18,3,30);
INSERT INTO auth_user_user_permissions VALUES(19,3,31);
INSERT INTO auth_user_user_permissions VALUES(20,4,32);
INSERT INTO auth_user_user_permissions VALUES(21,4,42);
INSERT INTO auth_user_user_permissions VALUES(22,4,44);
INSERT INTO auth_user_user_permissions VALUES(23,4,45);
INSERT INTO auth_user_user_permissions VALUES(24,4,46);
INSERT INTO auth_user_user_permissions VALUES(25,4,48);
INSERT INTO auth_user_user_permissions VALUES(26,4,25);
INSERT INTO auth_user_user_permissions VALUES(27,4,28);
INSERT INTO auth_user_user_permissions VALUES(28,4,29);
INSERT INTO auth_user_user_permissions VALUES(29,4,30);
CREATE TABLE IF NOT EXISTS "django_admin_log" ("id" integer NOT NULL PRIMARY KEY AUTOINCREMENT, "object_id" text NULL, "object_repr" varchar(200) NOT NULL, "action_flag" smallint unsigned NOT NULL CHECK ("action_flag" >= 0), "change_message" text NOT NULL, "content_type_id" integer NULL REFERENCES "django_content_type" ("id") DEFERRABLE INITIALLY DEFERRED, "user_id" integer NOT NULL REFERENCES "auth_user" ("id") DEFERRABLE INITIALLY DEFERRED, "action_time" datetime NOT NULL);
INSERT INTO django_admin_log VALUES(1,'1','Test 1',1,'[{"added": {}}]',7,1,'2023-11-19 05:25:40.046434');
INSERT INTO django_admin_log VALUES(2,'soma Ent','soma Ent',1,'[{"added": {}}]',8,1,'2023-11-19 05:44:57.452545');
INSERT INTO django_admin_log VALUES(3,'soma Entt','soma Entt',1,'[{"added": {}}]',8,1,'2023-11-19 05:49:14.351172');
INSERT INTO django_admin_log VALUES(4,'soma Entt','soma Entt',2,'[{"changed": {"fields": ["Issue types", "Penalty", "Refund price", "Service charge"]}}]',8,1,'2023-11-19 07:03:35.467762');
INSERT INTO django_admin_log VALUES(5,'soma Entt','soma Entt',2,'[{"changed": {"fields": ["Issue types"]}}]',8,1,'2023-11-20 04:58:40.617993');
INSERT INTO django_admin_log VALUES(6,'soma Entt','soma Entt',2,'[{"changed": {"fields": ["Issue types", "Penalty"]}}]',8,1,'2023-11-20 04:59:10.248506');
INSERT INTO django_admin_log VALUES(7,'soma Entt','soma Entt',2,'[{"changed": {"fields": ["Penalty"]}}]',8,1,'2023-11-20 04:59:28.947588');
INSERT INTO django_admin_log VALUES(8,'soma Entt','soma Entt',2,'[{"changed": {"fields": ["Penalty"]}}]',8,1,'2023-11-20 04:59:41.040905');
INSERT INTO django_admin_log VALUES(9,'soma Entt','soma Entt',2,'[{"changed": {"fields": ["Issue types", "Penalty"]}}]',8,1,'2023-11-20 05:00:32.250887');
INSERT INTO django_admin_log VALUES(10,'soma Entt','soma Entt',2,'[{"changed": {"fields": ["Issue types", "Penalty", "Refund price", "Service charge"]}}]',8,1,'2023-11-20 05:01:05.720736');
INSERT INTO django_admin_log VALUES(11,'soma Entt','soma Entt',2,'[{"changed": {"fields": ["Discount"]}}]',8,1,'2023-11-20 10:36:11.473544');
INSERT INTO django_admin_log VALUES(12,'soma Entt','soma Entt',2,'[{"changed": {"fields": ["Base fare", "Tax"]}}]',8,1,'2023-11-20 15:50:10.746253');
INSERT INTO django_admin_log VALUES(13,'aaa','aaa',1,'[{"added": {}}]',8,1,'2023-11-20 15:51:38.238567');
INSERT INTO django_admin_log VALUES(14,'aaa','aaa',2,'[{"changed": {"fields": ["Base fare"]}}]',8,1,'2023-11-20 15:52:16.628833');
INSERT INTO django_admin_log VALUES(15,'aaa','aaa',2,'[{"changed": {"fields": ["Base fare"]}}]',8,1,'2023-11-20 15:55:47.547356');
INSERT INTO django_admin_log VALUES(16,'aaa','aaa',2,'[{"changed": {"fields": ["Base fare"]}}]',8,1,'2023-11-20 15:56:10.894030');
INSERT INTO django_admin_log VALUES(17,'aaa','aaa',2,'[{"changed": {"fields": ["Base fare"]}}]',8,1,'2023-11-20 15:59:56.517453');
INSERT INTO django_admin_log VALUES(18,'soma Ent','soma Ent',2,'[{"changed": {"fields": ["Base fare"]}}]',8,1,'2023-11-20 16:11:04.411912');
INSERT INTO django_admin_log VALUES(19,'1','Md.Salman Hossain',1,'[{"added": {}}]',7,1,'2023-11-20 16:29:56.599333');
INSERT INTO django_admin_log VALUES(20,'1','soma Entt',1,'[{"added": {}}]',8,1,'2023-11-20 16:29:58.974186');
INSERT INTO django_admin_log VALUES(21,'2','soma Entt',1,'[{"added": {}}]',8,1,'2023-11-20 16:58:43.244907');
INSERT INTO django_admin_log VALUES(22,'3','soma Entt',1,'[{"added": {}}]',8,1,'2023-11-20 17:04:23.382559');
INSERT INTO django_admin_log VALUES(23,'4','air pro',1,'[{"added": {}}]',8,1,'2023-11-20 17:17:08.373475');
INSERT INTO django_admin_log VALUES(24,'4','air pro',2,'[{"changed": {"fields": ["Payment status", "Paid", "Due"]}}]',8,1,'2023-11-20 17:28:24.283312');
INSERT INTO django_admin_log VALUES(25,'4','air pro',2,'[{"changed": {"fields": ["Payment status"]}}]',8,1,'2023-11-20 17:30:40.840900');
INSERT INTO django_admin_log VALUES(26,'4','air pro',2,'[{"changed": {"fields": ["Payment status"]}}]',8,1,'2023-11-20 17:33:23.795567');
INSERT INTO django_admin_log VALUES(27,'2','Monir Choudhury',1,'[{"added": {}}]',7,1,'2023-11-21 04:43:18.287269');
INSERT INTO django_admin_log VALUES(28,'5','soma Ent',1,'[{"added": {}}]',8,1,'2023-11-21 04:44:10.880569');
INSERT INTO django_admin_log VALUES(29,'8','8',2,'[{"changed": {"fields": ["Paid", "Due"]}}]',12,1,'2023-11-21 05:27:38.716781');
INSERT INTO django_admin_log VALUES(30,'5','soma Ent',2,'[{"changed": {"fields": ["Discount"]}}]',8,1,'2023-11-21 05:28:12.957324');
INSERT INTO django_admin_log VALUES(31,'1','Agent #1',1,'[{"added": {}}]',11,1,'2023-11-21 05:30:19.410113');
INSERT INTO django_admin_log VALUES(32,'2','MarketingStaff',1,'[{"added": {}}]',4,1,'2023-11-21 08:36:53.483760');
INSERT INTO django_admin_log VALUES(33,'2','MarketingStaff',2,'[{"changed": {"fields": ["Staff status", "User permissions"]}}]',4,1,'2023-11-21 08:40:00.236684');
INSERT INTO django_admin_log VALUES(34,'2','MarketingStaff',3,'',4,1,'2023-11-21 10:26:56.122058');
INSERT INTO django_admin_log VALUES(35,'3','admin2',1,'[{"added": {}}]',4,1,'2023-11-21 10:27:47.974203');
INSERT INTO django_admin_log VALUES(36,'3','admin2',2,'[{"changed": {"fields": ["Staff status", "User permissions"]}}]',4,1,'2023-11-21 10:28:54.239284');
INSERT INTO django_admin_log VALUES(37,'6','soma Ent',1,'[{"added": {}}]',8,1,'2023-11-22 06:16:07.655767');
INSERT INTO django_admin_log VALUES(38,'3','customer2 1',1,'[{"added": {}}]',7,3,'2023-11-26 09:02:54.155234');
INSERT INTO django_admin_log VALUES(39,'7','soma Ent',1,'[{"added": {}}]',8,3,'2023-11-26 09:03:29.212656');
INSERT INTO django_admin_log VALUES(40,'4','Mehedi',1,'[{"added": {}}]',4,1,'2023-11-26 09:32:48.480129');
INSERT INTO django_admin_log VALUES(41,'4','Mehedi',2,'[{"changed": {"fields": ["Staff status", "User permissions"]}}]',4,1,'2023-11-26 09:34:24.136494');
INSERT INTO django_admin_log VALUES(42,'7','soma Ent',2,'[{"changed": {"fields": ["Issue types"]}}]',8,1,'2023-11-27 09:32:03.188861');
INSERT INTO django_admin_log VALUES(43,'7','soma Ent',2,'[{"changed": {"fields": ["Travel date", "Date of issue"]}}]',8,1,'2023-11-29 08:27:50.518083');
INSERT INTO django_admin_log VALUES(44,'8','soma Ent',1,'[{"added": {}}]',8,1,'2023-11-29 08:29:02.043892');
INSERT INTO django_admin_log VALUES(45,'4','None None',1,'[{"added": {}}]',7,1,'2024-02-17 09:48:45.541255');
INSERT INTO django_admin_log VALUES(46,'4','None None',3,'',7,1,'2024-02-17 09:59:26.950877');
INSERT INTO django_admin_log VALUES(47,'3','customer2 1',3,'',7,1,'2024-02-17 09:59:41.500413');
INSERT INTO django_admin_log VALUES(48,'2','Monir Choudhury',3,'',7,1,'2024-02-17 09:59:41.505303');
INSERT INTO django_admin_log VALUES(49,'1','Md.Salman Hossain',3,'',7,1,'2024-02-17 09:59:41.510056');
INSERT INTO django_admin_log VALUES(50,'5','SUMEL CHOWDHURY',1,'[{"added": {}}]',7,1,'2024-02-17 10:18:51.847529');
INSERT INTO django_admin_log VALUES(51,'5','Ayesha Akter',2,'[{"changed": {"fields": ["First name", "Last name"]}}]',7,1,'2024-02-17 10:19:35.036713');
INSERT INTO django_admin_log VALUES(52,'6','None None',1,'[{"added": {}}]',7,1,'2024-02-17 10:25:06.756326');
INSERT INTO django_admin_log VALUES(53,'6','None None',3,'',7,1,'2024-02-17 10:25:39.023380');
INSERT INTO django_admin_log VALUES(54,'7','Areez Bin Akter',1,'[{"added": {}}]',7,1,'2024-02-17 10:33:48.222105');
INSERT INTO django_admin_log VALUES(55,'8','Lubaba Khanom',1,'[{"added": {}}]',7,1,'2024-02-17 10:36:47.109125');
INSERT INTO django_admin_log VALUES(56,'9','Fatima Begum Choudhury',1,'[{"added": {}}]',7,1,'2024-02-17 10:37:51.294360');
INSERT INTO django_admin_log VALUES(57,'10','Mahdi Islam Mahim',1,'[{"added": {}}]',7,1,'2024-02-17 10:45:04.508475');
INSERT INTO django_admin_log VALUES(58,'11','M A M Mamun',1,'[{"added": {}}]',7,1,'2024-02-17 10:45:56.544784');
INSERT INTO django_admin_log VALUES(59,'12','Mohammed Iqbal Esak',1,'[{"added": {}}]',7,1,'2024-02-17 10:47:28.315993');
INSERT INTO django_admin_log VALUES(60,'13','Juli Begum',1,'[{"added": {}}]',7,1,'2024-02-17 10:48:19.051435');
INSERT INTO django_admin_log VALUES(61,'14','Hillul Kumar Kor',1,'[{"added": {}}]',7,1,'2024-02-17 10:49:39.280859');
INSERT INTO django_admin_log VALUES(62,'15','Mohammed K Zaman',1,'[{"added": {}}]',7,1,'2024-02-17 10:52:11.226760');
INSERT INTO django_admin_log VALUES(63,'16','Obaidur Rahman Khan',1,'[{"added": {}}]',7,1,'2024-02-17 10:53:38.327342');
INSERT INTO django_admin_log VALUES(64,'17','Tofayel Mostafa Sorwar',1,'[{"added": {}}]',7,1,'2024-02-17 10:56:11.659718');
INSERT INTO django_admin_log VALUES(65,'18','Nabil Ahmed Chowdhury',1,'[{"added": {}}]',7,1,'2024-02-17 10:58:32.946127');
INSERT INTO django_admin_log VALUES(66,'19','Muhammad Dhaamin Samee Ahmed',1,'[{"added": {}}]',7,1,'2024-02-17 11:02:03.088588');
INSERT INTO django_admin_log VALUES(67,'20','Ahmed Kobir Nazmee',1,'[{"added": {}}]',7,1,'2024-02-17 11:03:55.140197');
INSERT INTO django_admin_log VALUES(68,'21','Shahanara Begum',1,'[{"added": {}}]',7,1,'2024-02-17 11:07:11.900804');
INSERT INTO django_admin_log VALUES(69,'22','Mohammed Azad Miah',1,'[{"added": {}}]',7,1,'2024-02-17 11:12:27.796055');
INSERT INTO django_admin_log VALUES(70,'23','Mohammed Asif Miah',1,'[{"added": {}}]',7,1,'2024-02-17 11:13:50.590608');
INSERT INTO django_admin_log VALUES(71,'24','Arefa Yasmin Miah',1,'[{"added": {}}]',7,1,'2024-02-17 11:15:06.129347');
INSERT INTO django_admin_log VALUES(72,'25','Mohammed Abul Kalam',1,'[{"added": {}}]',7,1,'2024-02-17 11:16:40.565616');
INSERT INTO django_admin_log VALUES(73,'1','Agent #1',3,'',11,1,'2024-02-17 11:17:57.787589');
INSERT INTO django_admin_log VALUES(74,'2','Agent #2',1,'[{"added": {}}]',11,1,'2024-02-17 11:20:37.481355');
INSERT INTO django_admin_log VALUES(75,'3','Agent #3',1,'[{"added": {}}]',11,1,'2024-02-17 11:21:54.288775');
INSERT INTO django_admin_log VALUES(76,'3','Agent #3',3,'',11,1,'2024-02-17 11:22:09.838967');
INSERT INTO django_admin_log VALUES(77,'4','Agent #4',1,'[{"added": {}}]',11,1,'2024-02-17 11:23:18.534019');
INSERT INTO django_admin_log VALUES(78,'5','Agent #5',1,'[{"added": {}}]',11,1,'2024-02-17 11:25:44.413106');
INSERT INTO django_admin_log VALUES(79,'9','Amy Be Fresh',1,'[{"added": {}}]',8,1,'2024-02-17 11:29:39.226882');
INSERT INTO django_admin_log VALUES(80,'10','Flyhub',1,'[{"added": {}}]',8,1,'2024-02-17 11:33:15.925441');
INSERT INTO django_admin_log VALUES(81,'11','Flyhub',1,'[{"added": {}}]',8,1,'2024-02-17 11:39:55.190686');
INSERT INTO django_admin_log VALUES(82,'12','Flyhub',1,'[{"added": {}}]',8,1,'2024-02-17 11:44:51.953552');
INSERT INTO django_admin_log VALUES(83,'26','Isa Ayaan Ahmed',1,'[{"added": {}}]',7,1,'2024-02-18 06:14:49.476955');
INSERT INTO django_admin_log VALUES(84,'27','Nurul Islam Chowdhury',1,'[{"added": {}}]',7,1,'2024-02-18 06:15:50.520788');
INSERT INTO django_admin_log VALUES(85,'28','Shamsun Ahmed',1,'[{"added": {}}]',7,1,'2024-02-18 06:21:22.877345');
INSERT INTO django_admin_log VALUES(86,'27','Nurul Islam Chowdhury',2,'[{"changed": {"fields": ["Phone number"]}}]',7,1,'2024-02-18 06:21:53.619484');
INSERT INTO django_admin_log VALUES(87,'16','Obaidur Rahman Khan',2,'[{"changed": {"fields": ["Passport no"]}}]',7,1,'2024-02-18 06:23:01.676566');
INSERT INTO django_admin_log VALUES(88,'10','Mahdi Islam Mahim',2,'[{"changed": {"fields": ["Passport no"]}}]',7,1,'2024-02-18 06:23:31.600050');
INSERT INTO django_admin_log VALUES(89,'11','M A M Mamun',2,'[{"changed": {"fields": ["Passport no"]}}]',7,1,'2024-02-18 06:24:06.731300');
INSERT INTO django_admin_log VALUES(90,'15','Mohammed K Zaman',2,'[{"changed": {"fields": ["Passport no"]}}]',7,1,'2024-02-18 06:25:13.035223');
INSERT INTO django_admin_log VALUES(91,'29','Fahat Ahmed Chowdhury',1,'[{"added": {}}]',7,1,'2024-02-18 06:30:43.673679');
INSERT INTO django_admin_log VALUES(92,'30','Nishat Tasnim Chowdhury',1,'[{"added": {}}]',7,1,'2024-02-18 06:31:55.360086');
INSERT INTO django_admin_log VALUES(93,'31','Sunjida Jaman Tuly',1,'[{"added": {}}]',7,1,'2024-02-18 06:34:15.942439');
INSERT INTO django_admin_log VALUES(94,'32','Nuhat Nayra Chowdhury',1,'[{"added": {}}]',7,1,'2024-02-18 06:38:59.971557');
INSERT INTO django_admin_log VALUES(95,'33','Amaira Chowdhury',1,'[{"added": {}}]',7,1,'2024-02-18 06:39:44.565603');
INSERT INTO django_admin_log VALUES(96,'34','Maryam Khan',1,'[{"added": {}}]',7,1,'2024-02-18 06:40:48.524320');
INSERT INTO django_admin_log VALUES(97,'35','Somnath Mukherjee',1,'[{"added": {}}]',7,1,'2024-02-18 06:48:41.376960');
INSERT INTO django_admin_log VALUES(98,'36','Hafsa Rahim Nanziba',1,'[{"added": {}}]',7,1,'2024-02-18 06:50:33.129600');
INSERT INTO django_admin_log VALUES(99,'37','Istiaque Ahmed Emu',1,'[{"added": {}}]',7,1,'2024-02-18 06:52:31.693767');
INSERT INTO django_admin_log VALUES(100,'38','Dirwana Khalil Chowdhury',1,'[{"added": {}}]',7,1,'2024-02-18 06:53:18.204947');
INSERT INTO django_admin_log VALUES(101,'39','Mohammed Azizul Haque Manik',1,'[{"added": {}}]',7,1,'2024-02-18 07:00:09.273673');
INSERT INTO django_admin_log VALUES(102,'39','Mohammed Azizul Haque Manik',2,'[{"changed": {"fields": ["Passport no"]}}]',7,1,'2024-02-18 07:02:00.649757');
INSERT INTO django_admin_log VALUES(103,'40','Fahmida Sadiuue',1,'[{"added": {}}]',7,1,'2024-02-18 07:04:41.671387');
INSERT INTO django_admin_log VALUES(104,'20','Ahmed Kobir Nazmee',2,'[{"changed": {"fields": ["Passport no"]}}]',7,1,'2024-02-18 07:06:07.047014');
INSERT INTO django_admin_log VALUES(105,'18','Nabil Ahmed Chowdhury',2,'[{"changed": {"fields": ["Passport no"]}}]',7,1,'2024-02-18 07:07:16.480705');
INSERT INTO django_admin_log VALUES(106,'20','Ahmed Kobir Nazmee',2,'[{"changed": {"fields": ["Passport no"]}}]',7,1,'2024-02-18 07:07:45.392375');
INSERT INTO django_admin_log VALUES(107,'41','ms pamita chowdhury',1,'[{"added": {}}]',7,1,'2024-02-18 07:13:30.452228');
INSERT INTO django_admin_log VALUES(108,'41','ms pamita chowdhury',2,'[]',7,1,'2024-02-18 07:13:40.239260');
INSERT INTO django_admin_log VALUES(109,'42','Ms. aishy desh mitu',1,'[{"added": {}}]',7,1,'2024-02-18 07:18:51.712832');
INSERT INTO django_admin_log VALUES(110,'43','MS.raiha mustafa',1,'[{"added": {}}]',7,1,'2024-02-18 07:20:46.782380');
INSERT INTO django_admin_log VALUES(111,'44','Mr.Abdur Razzaque',1,'[{"added": {}}]',7,1,'2024-02-18 07:22:14.600400');
INSERT INTO django_admin_log VALUES(112,'45','Mr.nasar rahim nadim',1,'[{"added": {}}]',7,1,'2024-02-18 07:23:53.322680');
INSERT INTO django_admin_log VALUES(113,'46','Mr.md shahadat karim chowdhury',1,'[{"added": {}}]',7,1,'2024-02-18 07:25:40.568440');
INSERT INTO django_admin_log VALUES(114,'47','Ms.Monoara khanom chowdhury',1,'[{"added": {}}]',7,1,'2024-02-18 07:26:54.411129');
INSERT INTO django_admin_log VALUES(115,'48','Miss Azrah chowdhury',1,'[{"added": {}}]',7,1,'2024-02-18 07:27:46.454350');
INSERT INTO django_admin_log VALUES(116,'49','Miss Zahraa chowdhury',1,'[{"added": {}}]',7,1,'2024-02-18 07:28:30.003414');
INSERT INTO django_admin_log VALUES(117,'50','MR.Siplu chowdhury',1,'[{"added": {}}]',7,1,'2024-02-18 07:29:21.484734');
INSERT INTO django_admin_log VALUES(118,'51','Ms.sofina Begum',1,'[{"added": {}}]',7,1,'2024-02-18 07:30:40.105586');
INSERT INTO django_admin_log VALUES(119,'52','Mr.Muhammed Raihan',1,'[{"added": {}}]',7,1,'2024-02-18 07:31:46.786064');
INSERT INTO django_admin_log VALUES(120,'53','Mr.Ashfak Ahmed',1,'[{"added": {}}]',7,1,'2024-02-18 07:32:38.193448');
INSERT INTO django_admin_log VALUES(121,'54','Mr. abdus shukur',1,'[{"added": {}}]',7,1,'2024-02-18 07:33:25.357040');
INSERT INTO django_admin_log VALUES(122,'55','Mr.Ferdous ahmed chowdhury',1,'[{"added": {}}]',7,1,'2024-02-18 07:34:52.477988');
INSERT INTO django_admin_log VALUES(123,'56','Ms.juha hawah chowdhury',1,'[{"added": {}}]',7,1,'2024-02-18 07:36:00.118526');
INSERT INTO django_admin_log VALUES(124,'57','miss. Maryam chowdhury',1,'[{"added": {}}]',7,1,'2024-02-18 07:36:59.444676');
INSERT INTO django_admin_log VALUES(125,'13','Amy Be Fresh',1,'[{"added": {}}]',8,1,'2024-02-18 08:08:59.097688');
INSERT INTO django_admin_log VALUES(126,'14','Amy Be Fresh',1,'[{"added": {}}]',8,1,'2024-02-18 08:11:34.966405');
INSERT INTO django_admin_log VALUES(127,'8','Lubaba Khanom',2,'[{"changed": {"fields": ["Passport no"]}}]',7,1,'2024-02-18 08:17:13.686436');
INSERT INTO django_admin_log VALUES(128,'15','Flyhub',1,'[{"added": {}}]',8,1,'2024-02-19 08:50:57.236340');
INSERT INTO django_admin_log VALUES(129,'16','Suma International Services',1,'[{"added": {}}]',8,1,'2024-02-19 09:04:01.626562');
INSERT INTO django_admin_log VALUES(130,'17','Suma International Services',1,'[{"added": {}}]',8,1,'2024-02-19 09:06:41.715511');
INSERT INTO django_admin_log VALUES(131,'16','Suma International Services',2,'[{"changed": {"fields": ["Paid"]}}]',8,1,'2024-02-19 09:07:09.815794');
INSERT INTO django_admin_log VALUES(132,'14','Hillul Kumar Kor',2,'[{"changed": {"fields": ["Passport no"]}}]',7,1,'2024-02-19 09:08:55.796549');
INSERT INTO django_admin_log VALUES(133,'18','Suma International Services',1,'[{"added": {}}]',8,1,'2024-02-19 09:15:50.405088');
INSERT INTO django_admin_log VALUES(134,'18','Suma International Services',2,'[]',8,1,'2024-02-19 09:16:20.956753');
INSERT INTO django_admin_log VALUES(135,'19','Flyhub',1,'[{"added": {}}]',8,1,'2024-02-19 09:22:59.949087');
INSERT INTO django_admin_log VALUES(136,'20','Suma International Services',1,'[{"added": {}}]',8,1,'2024-02-19 09:27:03.122973');
INSERT INTO django_admin_log VALUES(137,'21','Amy Be Fresh',1,'[{"added": {}}]',8,1,'2024-02-19 09:30:43.137282');
INSERT INTO django_admin_log VALUES(138,'22','Amy Be Fresh',1,'[{"added": {}}]',8,1,'2024-02-19 09:33:17.598127');
INSERT INTO django_admin_log VALUES(139,'18','Suma International Services',2,'[{"changed": {"fields": ["Remarks"]}}]',8,1,'2024-02-19 09:39:45.815918');
INSERT INTO django_admin_log VALUES(140,'9','Amy Be Fresh',2,'[{"changed": {"fields": ["Remarks"]}}]',8,1,'2024-02-19 09:40:14.347616');
INSERT INTO django_admin_log VALUES(141,'10','Flyhub',2,'[{"changed": {"fields": ["Remarks"]}}]',8,1,'2024-02-19 09:40:42.236963');
INSERT INTO django_admin_log VALUES(142,'11','Flyhub',2,'[{"changed": {"fields": ["Remarks"]}}]',8,1,'2024-02-19 09:41:05.277812');
INSERT INTO django_admin_log VALUES(143,'12','Flyhub',2,'[{"changed": {"fields": ["Remarks"]}}]',8,1,'2024-02-19 09:41:27.975970');
INSERT INTO django_admin_log VALUES(144,'13','Amy Be Fresh',2,'[{"changed": {"fields": ["Remarks"]}}]',8,1,'2024-02-19 09:41:51.836222');
INSERT INTO django_admin_log VALUES(145,'14','Amy Be Fresh',2,'[{"changed": {"fields": ["Remarks"]}}]',8,1,'2024-02-19 09:42:14.352456');
INSERT INTO django_admin_log VALUES(146,'21','Amy Be Fresh',2,'[{"changed": {"fields": ["Remarks"]}}]',8,1,'2024-02-19 09:43:46.105173');
INSERT INTO django_admin_log VALUES(147,'22','Amy Be Fresh',2,'[{"changed": {"fields": ["Remarks"]}}]',8,1,'2024-02-19 09:44:00.239291');
INSERT INTO django_admin_log VALUES(148,'23','Amy Be Fresh',1,'[{"added": {}}]',8,1,'2024-02-19 09:50:01.086148');
INSERT INTO django_admin_log VALUES(149,'24','Flyhub',1,'[{"added": {}}]',8,1,'2024-02-19 09:53:09.370469');
INSERT INTO django_admin_log VALUES(150,'25','Flyhub',1,'[{"added": {}}]',8,1,'2024-02-19 09:55:43.771261');
INSERT INTO django_admin_log VALUES(151,'26','Flyhub',1,'[{"added": {}}]',8,1,'2024-02-19 10:01:52.878368');
INSERT INTO django_admin_log VALUES(152,'27','Flyhub',1,'[{"added": {}}]',8,1,'2024-02-19 10:06:28.597514');
INSERT INTO django_admin_log VALUES(153,'28','Flyhub',1,'[{"added": {}}]',8,1,'2024-02-19 10:09:42.340764');
INSERT INTO django_admin_log VALUES(154,'29','Flyhub',1,'[{"added": {}}]',8,1,'2024-02-19 10:13:47.824542');
INSERT INTO django_admin_log VALUES(155,'30','Flyhub',1,'[{"added": {}}]',8,1,'2024-02-19 10:16:46.523716');
INSERT INTO django_admin_log VALUES(156,'29','Flyhub',2,'[{"changed": {"fields": ["Date of issue"]}}]',8,1,'2024-02-19 10:17:04.766926');
INSERT INTO django_admin_log VALUES(157,'31','Flyhub',1,'[{"added": {}}]',8,1,'2024-02-19 10:19:39.410935');
INSERT INTO django_admin_log VALUES(158,'32','Flyhub',1,'[{"added": {}}]',8,1,'2024-02-19 10:21:52.659187');
INSERT INTO django_admin_log VALUES(159,'33','Flyhub',1,'[{"added": {}}]',8,1,'2024-02-19 10:24:23.401229');
INSERT INTO django_admin_log VALUES(160,'34','Flyhub',1,'[{"added": {}}]',8,1,'2024-02-19 10:27:12.177951');
INSERT INTO django_admin_log VALUES(161,'35','Amy Be Fresh',1,'[{"added": {}}]',8,1,'2024-02-19 10:32:51.089330');
INSERT INTO django_admin_log VALUES(162,'36','Amy Be Fresh',1,'[{"added": {}}]',8,1,'2024-02-19 10:33:19.930501');
INSERT INTO django_admin_log VALUES(163,'37','Amy Be Fresh',1,'[{"added": {}}]',8,1,'2024-02-19 10:34:02.410317');
CREATE TABLE IF NOT EXISTS "agent_agentlist" ("id" integer NOT NULL PRIMARY KEY AUTOINCREMENT, "agent_name" varchar(100) NULL, "email" varchar(254) NULL UNIQUE, "phone_number" varchar(15) NULL, "payment_method" varchar(10) NOT NULL, "remarks" varchar(100) NULL);
INSERT INTO agent_agentlist VALUES(2,'Amy Be Fresh','support@amybd.com','01727190783','cash','0');
INSERT INTO agent_agentlist VALUES(4,'Flyhub','system@flyhub.com','01844616609','cash','0');
INSERT INTO agent_agentlist VALUES(5,'Suma International Services','sumabdtraacs@gmail.com','01717319751','bank','OTA');
CREATE TABLE IF NOT EXISTS "agent_agentlog" ("id" integer NOT NULL PRIMARY KEY AUTOINCREMENT, "agent_name" varchar(100) NULL, "ticket_no" varchar(100) NULL, "travel_date" date NOT NULL, "base_fare" decimal NULL, "paid" decimal NOT NULL, "due" decimal NOT NULL);
INSERT INTO agent_agentlog VALUES(1,'soma Ent','1243443','2023-11-19',2170,0,0);
INSERT INTO agent_agentlog VALUES(2,'soma Entt','1234','2023-11-19',1200,0,0);
INSERT INTO agent_agentlog VALUES(3,'aaa','aaaa','2023-11-20',1012,0,0);
INSERT INTO agent_agentlog VALUES(4,'soma Entt','12212','2023-11-20',1122,0,0);
INSERT INTO agent_agentlog VALUES(5,'soma Entt','3211','2023-11-20',263,0,0);
INSERT INTO agent_agentlog VALUES(6,'soma Entt','21345','2023-11-20',1320,0,0);
INSERT INTO agent_agentlog VALUES(7,'air pro','12345','2023-11-20',12120,0,0);
INSERT INTO agent_agentlog VALUES(8,'soma Ent','1234','2023-11-21',13000,11000,2000);
INSERT INTO agent_agentlog VALUES(9,'soma Ent','1234','2023-11-01',2200,0,0);
INSERT INTO agent_agentlog VALUES(10,'soma Ent','1234','2023-11-26',2200,0,0);
INSERT INTO agent_agentlog VALUES(11,'soma Ent','1234','2023-11-29',4400,0,0);
INSERT INTO agent_agentlog VALUES(12,'Amy Be Fresh','8551015778765','2024-01-13',4299,0,0);
INSERT INTO agent_agentlog VALUES(13,'Flyhub','7792103196623','2024-01-10',5199,0,0);
INSERT INTO agent_agentlog VALUES(14,'Flyhub','9976661802259','2024-01-21',3600,0,0);
INSERT INTO agent_agentlog VALUES(15,'Flyhub','9976661802260','2024-01-21',3600,0,0);
INSERT INTO agent_agentlog VALUES(16,'Amy Be Fresh','7792408203184','2024-01-03',5549,0,0);
INSERT INTO agent_agentlog VALUES(17,'Amy Be Fresh','7792408203185','2024-01-03',868,0,0);
INSERT INTO agent_agentlog VALUES(18,'Flyhub','2296678470563','2024-01-11',99336,0,0);
INSERT INTO agent_agentlog VALUES(19,'Suma International Services','9976678466343','2024-01-04',10450,0,0);
INSERT INTO agent_agentlog VALUES(20,'Suma International Services','9976678466344','2024-01-04',10450,0,0);
INSERT INTO agent_agentlog VALUES(21,'Suma International Services','9976678466416','2024-03-29',146329,0,0);
INSERT INTO agent_agentlog VALUES(22,'Flyhub','7792103205165','2024-01-16',0,0,0);
INSERT INTO agent_agentlog VALUES(23,'Suma International Services','1576678466483','2024-01-18',76336,0,0);
INSERT INTO agent_agentlog VALUES(24,'Amy Be Fresh','8551015778764','2024-01-13',4299,0,0);
INSERT INTO agent_agentlog VALUES(25,'Amy Be Fresh','8551015778770','2024-01-14',4299,0,0);
INSERT INTO agent_agentlog VALUES(26,'Amy Be Fresh','8551015778771','2024-01-14',0,0,0);
INSERT INTO agent_agentlog VALUES(27,'Flyhub','7792103212318','2024-01-16',4499,0,0);
INSERT INTO agent_agentlog VALUES(28,'Flyhub','7792103212907','2024-01-14',5199,0,0);
INSERT INTO agent_agentlog VALUES(29,'Flyhub','8551015779669','2024-01-18',4289,0,0);
INSERT INTO agent_agentlog VALUES(30,'Flyhub','8551015779675','2024-01-18',4299,0,0);
INSERT INTO agent_agentlog VALUES(31,'Flyhub','8551015779670','2024-01-18',4299,0,0);
INSERT INTO agent_agentlog VALUES(32,'Flyhub','8551015779677','2024-01-18',4299,0,0);
INSERT INTO agent_agentlog VALUES(33,'Flyhub','8551015779671','2024-01-18',4299,0,0);
INSERT INTO agent_agentlog VALUES(34,'Flyhub','8551015779676','2024-01-18',4299,0,0);
INSERT INTO agent_agentlog VALUES(35,'Flyhub','8551015779672','2024-01-18',4299,0,0);
INSERT INTO agent_agentlog VALUES(36,'Flyhub','8551015779673','2024-01-18',4299,0,0);
INSERT INTO agent_agentlog VALUES(37,'Flyhub','8551015779674','2024-01-18',3318,0,0);
INSERT INTO agent_agentlog VALUES(38,'Amy Be Fresh','8551015780941','2024-01-14',12897,0,0);
CREATE TABLE IF NOT EXISTS "django_content_type" ("id" integer NOT NULL PRIMARY KEY AUTOINCREMENT, "app_label" varchar(100) NOT NULL, "model" varchar(100) NOT NULL);
INSERT INTO django_content_type VALUES(1,'admin','logentry');
INSERT INTO django_content_type VALUES(2,'auth','permission');
INSERT INTO django_content_type VALUES(3,'auth','group');
INSERT INTO django_content_type VALUES(4,'auth','user');
INSERT INTO django_content_type VALUES(5,'contenttypes','contenttype');
INSERT INTO django_content_type VALUES(6,'sessions','session');
INSERT INTO django_content_type VALUES(7,'Customer','customer');
INSERT INTO django_content_type VALUES(8,'Customer','saleslog');
INSERT INTO django_content_type VALUES(9,'ticket_management','ticket');
INSERT INTO django_content_type VALUES(10,'allusers','customuser');
INSERT INTO django_content_type VALUES(11,'agent','agentlist');
INSERT INTO django_content_type VALUES(12,'agent','agentlog');
INSERT INTO django_content_type VALUES(13,'users','profile');
INSERT INTO django_content_type VALUES(14,'oauth2_provider','application');
INSERT INTO django_content_type VALUES(15,'oauth2_provider','accesstoken');
INSERT INTO django_content_type VALUES(16,'oauth2_provider','grant');
INSERT INTO django_content_type VALUES(17,'oauth2_provider','refreshtoken');
INSERT INTO django_content_type VALUES(18,'oauth2_provider','idtoken');
INSERT INTO django_content_type VALUES(19,'social_django','association');
INSERT INTO django_content_type VALUES(20,'social_django','code');
INSERT INTO django_content_type VALUES(21,'social_django','nonce');
INSERT INTO django_content_type VALUES(22,'social_django','usersocialauth');
INSERT INTO django_content_type VALUES(23,'social_django','partial');
INSERT INTO django_content_type VALUES(24,'drf_social_oauth2','multifactorauth');
CREATE TABLE IF NOT EXISTS "auth_permission" ("id" integer NOT NULL PRIMARY KEY AUTOINCREMENT, "content_type_id" integer NOT NULL REFERENCES "django_content_type" ("id") DEFERRABLE INITIALLY DEFERRED, "codename" varchar(100) NOT NULL, "name" varchar(255) NOT NULL);
INSERT INTO auth_permission VALUES(1,1,'add_logentry','Can add log entry');
INSERT INTO auth_permission VALUES(2,1,'change_logentry','Can change log entry');
INSERT INTO auth_permission VALUES(3,1,'delete_logentry','Can delete log entry');
INSERT INTO auth_permission VALUES(4,1,'view_logentry','Can view log entry');
INSERT INTO auth_permission VALUES(5,2,'add_permission','Can add permission');
INSERT INTO auth_permission VALUES(6,2,'change_permission','Can change permission');
INSERT INTO auth_permission VALUES(7,2,'delete_permission','Can delete permission');
INSERT INTO auth_permission VALUES(8,2,'view_permission','Can view permission');
INSERT INTO auth_permission VALUES(9,3,'add_group','Can add group');
INSERT INTO auth_permission VALUES(10,3,'change_group','Can change group');
INSERT INTO auth_permission VALUES(11,3,'delete_group','Can delete group');
INSERT INTO auth_permission VALUES(12,3,'view_group','Can view group');
INSERT INTO auth_permission VALUES(13,4,'add_user','Can add user');
INSERT INTO auth_permission VALUES(14,4,'change_user','Can change user');
INSERT INTO auth_permission VALUES(15,4,'delete_user','Can delete user');
INSERT INTO auth_permission VALUES(16,4,'view_user','Can view user');
INSERT INTO auth_permission VALUES(17,5,'add_contenttype','Can add content type');
INSERT INTO auth_permission VALUES(18,5,'change_contenttype','Can change content type');
INSERT INTO auth_permission VALUES(19,5,'delete_contenttype','Can delete content type');
INSERT INTO auth_permission VALUES(20,5,'view_contenttype','Can view content type');
INSERT INTO auth_permission VALUES(21,6,'add_session','Can add session');
INSERT INTO auth_permission VALUES(22,6,'change_session','Can change session');
INSERT INTO auth_permission VALUES(23,6,'delete_session','Can delete session');
INSERT INTO auth_permission VALUES(24,6,'view_session','Can view session');
INSERT INTO auth_permission VALUES(25,7,'add_customer','Can add customer');
INSERT INTO auth_permission VALUES(26,7,'change_customer','Can change customer');
INSERT INTO auth_permission VALUES(27,7,'delete_customer','Can delete customer');
INSERT INTO auth_permission VALUES(28,7,'view_customer','Can view customer');
INSERT INTO auth_permission VALUES(29,8,'add_saleslog','Can add sales log');
INSERT INTO auth_permission VALUES(30,8,'change_saleslog','Can change sales log');
INSERT INTO auth_permission VALUES(31,8,'delete_saleslog','Can delete sales log');
INSERT INTO auth_permission VALUES(32,8,'view_saleslog','Can view sales log');
INSERT INTO auth_permission VALUES(33,9,'add_ticket','Can add ticket');
INSERT INTO auth_permission VALUES(34,9,'change_ticket','Can change ticket');
INSERT INTO auth_permission VALUES(35,9,'delete_ticket','Can delete ticket');
INSERT INTO auth_permission VALUES(36,9,'view_ticket','Can view ticket');
INSERT INTO auth_permission VALUES(37,10,'add_customuser','Can add custom user');
INSERT INTO auth_permission VALUES(38,10,'change_customuser','Can change custom user');
INSERT INTO auth_permission VALUES(39,10,'delete_customuser','Can delete custom user');
INSERT INTO auth_permission VALUES(40,10,'view_customuser','Can view custom user');
INSERT INTO auth_permission VALUES(41,11,'add_agentlist','Can add agent list');
INSERT INTO auth_permission VALUES(42,11,'change_agentlist','Can change agent list');
INSERT INTO auth_permission VALUES(43,11,'delete_agentlist','Can delete agent list');
INSERT INTO auth_permission VALUES(44,11,'view_agentlist','Can view agent list');
INSERT INTO auth_permission VALUES(45,12,'add_agentlog','Can add agent log');
INSERT INTO auth_permission VALUES(46,12,'change_agentlog','Can change agent log');
INSERT INTO auth_permission VALUES(47,12,'delete_agentlog','Can delete agent log');
INSERT INTO auth_permission VALUES(48,12,'view_agentlog','Can view agent log');
INSERT INTO auth_permission VALUES(49,13,'add_profile','Can add profile');
INSERT INTO auth_permission VALUES(50,13,'change_profile','Can change profile');
INSERT INTO auth_permission VALUES(51,13,'delete_profile','Can delete profile');
INSERT INTO auth_permission VALUES(52,13,'view_profile','Can view profile');
INSERT INTO auth_permission VALUES(53,14,'add_application','Can add application');
INSERT INTO auth_permission VALUES(54,14,'change_application','Can change application');
INSERT INTO auth_permission VALUES(55,14,'delete_application','Can delete application');
INSERT INTO auth_permission VALUES(56,14,'view_application','Can view application');
INSERT INTO auth_permission VALUES(57,15,'add_accesstoken','Can add access token');
INSERT INTO auth_permission VALUES(58,15,'change_accesstoken','Can change access token');
INSERT INTO auth_permission VALUES(59,15,'delete_accesstoken','Can delete access token');
INSERT INTO auth_permission VALUES(60,15,'view_accesstoken','Can view access token');
INSERT INTO auth_permission VALUES(61,16,'add_grant','Can add grant');
INSERT INTO auth_permission VALUES(62,16,'change_grant','Can change grant');
INSERT INTO auth_permission VALUES(63,16,'delete_grant','Can delete grant');
INSERT INTO auth_permission VALUES(64,16,'view_grant','Can view grant');
INSERT INTO auth_permission VALUES(65,17,'add_refreshtoken','Can add refresh token');
INSERT INTO auth_permission VALUES(66,17,'change_refreshtoken','Can change refresh token');
INSERT INTO auth_permission VALUES(67,17,'delete_refreshtoken','Can delete refresh token');
INSERT INTO auth_permission VALUES(68,17,'view_refreshtoken','Can view refresh token');
INSERT INTO auth_permission VALUES(69,18,'add_idtoken','Can add id token');
INSERT INTO auth_permission VALUES(70,18,'change_idtoken','Can change id token');
INSERT INTO auth_permission VALUES(71,18,'delete_idtoken','Can delete id token');
INSERT INTO auth_permission VALUES(72,18,'view_idtoken','Can view id token');
INSERT INTO auth_permission VALUES(73,19,'add_association','Can add association');
INSERT INTO auth_permission VALUES(74,19,'change_association','Can change association');
INSERT INTO auth_permission VALUES(75,19,'delete_association','Can delete association');
INSERT INTO auth_permission VALUES(76,19,'view_association','Can view association');
INSERT INTO auth_permission VALUES(77,20,'add_code','Can add code');
INSERT INTO auth_permission VALUES(78,20,'change_code','Can change code');
INSERT INTO auth_permission VALUES(79,20,'delete_code','Can delete code');
INSERT INTO auth_permission VALUES(80,20,'view_code','Can view code');
INSERT INTO auth_permission VALUES(81,21,'add_nonce','Can add nonce');
INSERT INTO auth_permission VALUES(82,21,'change_nonce','Can change nonce');
INSERT INTO auth_permission VALUES(83,21,'delete_nonce','Can delete nonce');
INSERT INTO auth_permission VALUES(84,21,'view_nonce','Can view nonce');
INSERT INTO auth_permission VALUES(85,22,'add_usersocialauth','Can add user social auth');
INSERT INTO auth_permission VALUES(86,22,'change_usersocialauth','Can change user social auth');
INSERT INTO auth_permission VALUES(87,22,'delete_usersocialauth','Can delete user social auth');
INSERT INTO auth_permission VALUES(88,22,'view_usersocialauth','Can view user social auth');
INSERT INTO auth_permission VALUES(89,23,'add_partial','Can add partial');
INSERT INTO auth_permission VALUES(90,23,'change_partial','Can change partial');
INSERT INTO auth_permission VALUES(91,23,'delete_partial','Can delete partial');
INSERT INTO auth_permission VALUES(92,23,'view_partial','Can view partial');
INSERT INTO auth_permission VALUES(93,24,'add_multifactorauth','Can add multi factor auth');
INSERT INTO auth_permission VALUES(94,24,'change_multifactorauth','Can change multi factor auth');
INSERT INTO auth_permission VALUES(95,24,'delete_multifactorauth','Can delete multi factor auth');
INSERT INTO auth_permission VALUES(96,24,'view_multifactorauth','Can view multi factor auth');
CREATE TABLE IF NOT EXISTS "auth_group" ("id" integer NOT NULL PRIMARY KEY AUTOINCREMENT, "name" varchar(150) NOT NULL UNIQUE);
CREATE TABLE IF NOT EXISTS "auth_user" ("id" integer NOT NULL PRIMARY KEY AUTOINCREMENT, "password" varchar(128) NOT NULL, "last_login" datetime NULL, "is_superuser" bool NOT NULL, "username" varchar(150) NOT NULL UNIQUE, "last_name" varchar(150) NOT NULL, "email" varchar(254) NOT NULL, "is_staff" bool NOT NULL, "is_active" bool NOT NULL, "date_joined" datetime NOT NULL, "first_name" varchar(150) NOT NULL);
INSERT INTO auth_user VALUES(1,'pbkdf2_sha256$600000$8UrW61HEIIY1Gws3N9AEPg$GxG+nzr2rVwBfd1H49KoZCYim28CHiBMwNUyDh5OqpY=','2024-02-19 08:42:29.591252',1,'admin','','',1,1,'2023-11-19 05:24:29.253541','');
INSERT INTO auth_user VALUES(3,'pbkdf2_sha256$600000$Fep4T2RwhjR3xGsTR1dA4H$hgGgOrNFIV6L9+B9nkpQExBfdwYbeeUPD9cFBpNFT2Q=','2023-11-26 09:31:06.657146',0,'admin2','','',1,1,'2023-11-21 10:27:47','');
INSERT INTO auth_user VALUES(4,'pbkdf2_sha256$600000$UNGjPOWWRKHEqBq47WwxlM$VFx3uCeyiCEB70ecz6U3+2FZ3n5qvfyo/XP8bkXkYTQ=','2023-11-26 09:34:42.489273',0,'Mehedi','','',1,1,'2023-11-26 09:32:48','');
CREATE TABLE IF NOT EXISTS "allusers_customuser" ("id" integer NOT NULL PRIMARY KEY AUTOINCREMENT, "password" varchar(128) NOT NULL, "last_login" datetime NULL, "is_superuser" bool NOT NULL, "email" varchar(254) NOT NULL UNIQUE, "phone_number" varchar(15) NULL, "is_active" bool NOT NULL, "is_staff" bool NOT NULL, "date_joined" datetime NOT NULL);
CREATE TABLE IF NOT EXISTS "allusers_customuser_groups" ("id" integer NOT NULL PRIMARY KEY AUTOINCREMENT, "customuser_id" bigint NOT NULL REFERENCES "allusers_customuser" ("id") DEFERRABLE INITIALLY DEFERRED, "group_id" integer NOT NULL REFERENCES "auth_group" ("id") DEFERRABLE INITIALLY DEFERRED);
CREATE TABLE IF NOT EXISTS "allusers_customuser_user_permissions" ("id" integer NOT NULL PRIMARY KEY AUTOINCREMENT, "customuser_id" bigint NOT NULL REFERENCES "allusers_customuser" ("id") DEFERRABLE INITIALLY DEFERRED, "permission_id" integer NOT NULL REFERENCES "auth_permission" ("id") DEFERRABLE INITIALLY DEFERRED);
CREATE TABLE IF NOT EXISTS "django_session" ("session_key" varchar(40) NOT NULL PRIMARY KEY, "session_data" text NOT NULL, "expire_date" datetime NOT NULL);
INSERT INTO django_session VALUES('4su4vdewcr5cf36riwo5ienzyysopesw','.eJxVjMsOwiAQRf-FtSG8B1y67zeQgUGpGkhKuzL-uzbpQrf3nHNfLOK21riNssSZ2JlJdvrdEuZHaTugO7Zb57m3dZkT3xV-0MGnTuV5Ody_g4qjfmvU2SvyBtBYYxNACJYCEoBKgWQmcg6TkMm7YlUOFuTVKKERQUgKmr0_2yc3eg:1r51Vb:FLwOCyWSVrnra0fL09OAXTr8j_w4DrHNB_bY_LbrHrQ','2023-12-04 10:28:03.648887');
INSERT INTO django_session VALUES('iyylkern710exsoq1qfkqyw7s659oxaz','.eJxVjMsOwiAQRf-FtSG8B1y67zeQgUGpGkhKuzL-uzbpQrf3nHNfLOK21riNssSZ2JlJdvrdEuZHaTugO7Zb57m3dZkT3xV-0MGnTuV5Ody_g4qjfmvU2SvyBtBYYxNACJYCEoBKgWQmcg6TkMm7YlUOFuTVKKERQUgKmr0_2yc3eg:1r56WO:Yq2Ts4tTKs3RSrdokWU_Oo76swKiFRuPls7sJViv4YU','2023-12-04 15:49:12.981344');
INSERT INTO django_session VALUES('mconv1te7ndde77jyb9fpo6d0e4317u4','.eJxVjMsOwiAQRf-FtSGFIg-X7vsNZJgZpGogKe3K-O_apAvd3nPOfYkI21ri1nmJM4mL0OL0uyXAB9cd0B3qrUlsdV3mJHdFHrTLqRE_r4f7d1Cgl29tIPHgySkmS4ijNpR8CiNqhRYyOMwOYDwnb7NXVhkiYucG70LwYKx4fwASkjih:1r5MIx:_4sX12al3pBzy2-_LjoF9QDKevC4_o5ORODNi7zjpLs','2023-12-05 08:40:23.787487');
INSERT INTO django_session VALUES('p775vfg96nktucuclgiydzwniulg7s3a','.eJxVjMsOwiAQRf-FtSG8B1y67zeQgUGpGkhKuzL-uzbpQrf3nHNfLOK21riNssSZ2JlJdvrdEuZHaTugO7Zb57m3dZkT3xV-0MGnTuV5Ody_g4qjfmvU2SvyBtBYYxNACJYCEoBKgWQmcg6TkMm7YlUOFuTVKKERQUgKmr0_2yc3eg:1r5fZk:t6AKdoL8MIm9awwDwloMNW0OLe27clWGhG-PXrnMrRg','2023-12-06 05:15:00.807574');
INSERT INTO django_session VALUES('n5l9r2clk9mrslhanttkpqox497lnaws','.eJxVjMsOwiAQRf-FtSG8B1y67zeQgUGpGkhKuzL-uzbpQrf3nHNfLOK21riNssSZ2JlJdvrdEuZHaTugO7Zb57m3dZkT3xV-0MGnTuV5Ody_g4qjfmvU2SvyBtBYYxNACJYCEoBKgWQmcg6TkMm7YlUOFuTVKKERQUgKmr0_2yc3eg:1r5gRt:mNcOJwXY0Z23AESQ206xKpF4bEJ-G6JRj6lOZgdbvdc','2023-12-06 06:10:57.003414');
INSERT INTO django_session VALUES('jnnk4cfgdn3nehw61wbjwznx6ezwtg5m','.eJxVjMsOwiAQRf-FtSG8B1y67zeQgUGpGkhKuzL-uzbpQrf3nHNfLOK21riNssSZ2JlJdvrdEuZHaTugO7Zb57m3dZkT3xV-0MGnTuV5Ody_g4qjfmvU2SvyBtBYYxNACJYCEoBKgWQmcg6TkMm7YlUOFuTVKKERQUgKmr0_2yc3eg:1r7TVM:JLfYQVUnKl0cpOVm69eQghHiq00-IQYX4DNgphfHl44','2023-12-11 04:45:56.008867');
INSERT INTO django_session VALUES('hi9zb7svpbq1zn0odgbxvbbmgjenbkxs','.eJxVjMsOwiAQRf-FtSG8B1y67zeQgUGpGkhKuzL-uzbpQrf3nHNfLOK21riNssSZ2JlJdvrdEuZHaTugO7Zb57m3dZkT3xV-0MGnTuV5Ody_g4qjfmvU2SvyBtBYYxNACJYCEoBKgWQmcg6TkMm7YlUOFuTVKKERQUgKmr0_2yc3eg:1r8CEa:k8Qc-bQlWN636w-ECCYQn1_B1EkYhuJTHy3JS3sjsig','2023-12-13 04:31:36.103646');
INSERT INTO django_session VALUES('8gdkvhkwva7w89nlypxzai3284rt6lk2','.eJxVjMsOwiAQRf-FtSG8B1y67zeQgUGpGkhKuzL-uzbpQrf3nHNfLOK21riNssSZ2JlJdvrdEuZHaTugO7Zb57m3dZkT3xV-0MGnTuV5Ody_g4qjfmvU2SvyBtBYYxNACJYCEoBKgWQmcg6TkMm7YlUOFuTVKKERQUgKmr0_2yc3eg:1rbGhO:CPlQidYnl4wlO549h92uND9YTBofSvdnaxll_f_ZGYA','2024-03-02 09:09:30.436915');
INSERT INTO django_session VALUES('cvvuza7pia3bmadqmmdlkepi6xh7gst1','.eJxVjMsOwiAQRf-FtSG8B1y67zeQgUGpGkhKuzL-uzbpQrf3nHNfLOK21riNssSZ2JlJdvrdEuZHaTugO7Zb57m3dZkT3xV-0MGnTuV5Ody_g4qjfmvU2SvyBtBYYxNACJYCEoBKgWQmcg6TkMm7YlUOFuTVKKERQUgKmr0_2yc3eg:1rbHMO:5Jr08F1Ha_saf4FdA3lE5qH817LiEZPmLL4-8qGxiHg','2024-03-02 09:51:52.626603');
INSERT INTO django_session VALUES('xhk9m25aqt64qmiaud4c4e2xjeu6o28h','.eJxVjMsOwiAQRf-FtSG8B1y67zeQgUGpGkhKuzL-uzbpQrf3nHNfLOK21riNssSZ2JlJdvrdEuZHaTugO7Zb57m3dZkT3xV-0MGnTuV5Ody_g4qjfmvU2SvyBtBYYxNACJYCEoBKgWQmcg6TkMm7YlUOFuTVKKERQUgKmr0_2yc3eg:1rbHPA:MfYuUPkegOoz-Kz6dl-LowLhbaP7DkVtT39U4N4lyeY','2024-03-02 09:54:44.504826');
INSERT INTO django_session VALUES('jolt6zhqwb57snf5ss3mn97yrnttok1a','.eJxVjMsOwiAQRf-FtSG8B1y67zeQgUGpGkhKuzL-uzbpQrf3nHNfLOK21riNssSZ2JlJdvrdEuZHaTugO7Zb57m3dZkT3xV-0MGnTuV5Ody_g4qjfmvU2SvyBtBYYxNACJYCEoBKgWQmcg6TkMm7YlUOFuTVKKERQUgKmr0_2yc3eg:1rbHhk:jn9APbPrLB-FEz0V8rjRdvZ2hwn5TxubB_1kiLiqILE','2024-03-02 10:13:56.645968');
INSERT INTO django_session VALUES('acmcucdqe6vqxdebg34cwvcm5puatqwp','.eJxVjMsOwiAQRf-FtSG8B1y67zeQgUGpGkhKuzL-uzbpQrf3nHNfLOK21riNssSZ2JlJdvrdEuZHaTugO7Zb57m3dZkT3xV-0MGnTuV5Ody_g4qjfmvU2SvyBtBYYxNACJYCEoBKgWQmcg6TkMm7YlUOFuTVKKERQUgKmr0_2yc3eg:1rbJkO:aumDvneTUdYg1HMoWaooonzZS2kq6wl_UAd1slxstWU','2024-03-02 12:24:48.811449');
INSERT INTO django_session VALUES('nydcjx515oz35r2cd0qumk7xju2cpfmc','.eJxVjMsOwiAQRf-FtSG8B1y67zeQgUGpGkhKuzL-uzbpQrf3nHNfLOK21riNssSZ2JlJdvrdEuZHaTugO7Zb57m3dZkT3xV-0MGnTuV5Ody_g4qjfmvU2SvyBtBYYxNACJYCEoBKgWQmcg6TkMm7YlUOFuTVKKERQUgKmr0_2yc3eg:1rbzEL:02D1gXxoFfgz7Ap5KHqK_mbsOCqQ7LQGT0mYqjI4hKk','2024-03-04 08:42:29.596058');
CREATE TABLE IF NOT EXISTS "ticket_management_ticket" ("id" integer NOT NULL PRIMARY KEY AUTOINCREMENT, "from_location" varchar(255) NOT NULL, "to_location" varchar(255) NOT NULL, "departure_date" date NOT NULL, "ticket_class" varchar(50) NOT NULL, "quantity" integer NOT NULL, "note" text NULL, "amount" decimal NOT NULL, "received" bool NOT NULL, "payment" decimal NULL, "paid" bool NOT NULL, "terminated" bool NOT NULL, "created_at" datetime NOT NULL, "updated_at" datetime NOT NULL, "customer_id" bigint NOT NULL REFERENCES "Customer_customer" ("id") DEFERRABLE INITIALLY DEFERRED);
CREATE TABLE IF NOT EXISTS "oauth2_provider_refreshtoken" ("id" integer NOT NULL PRIMARY KEY AUTOINCREMENT, "token" varchar(255) NOT NULL, "access_token_id" bigint NULL UNIQUE REFERENCES "oauth2_provider_accesstoken" ("id") DEFERRABLE INITIALLY DEFERRED, "application_id" bigint NOT NULL REFERENCES "oauth2_provider_application" ("id") DEFERRABLE INITIALLY DEFERRED, "user_id" integer NOT NULL REFERENCES "auth_user" ("id") DEFERRABLE INITIALLY DEFERRED, "created" datetime NOT NULL, "updated" datetime NOT NULL, "revoked" datetime NULL);
CREATE TABLE IF NOT EXISTS "oauth2_provider_idtoken" ("id" integer NOT NULL PRIMARY KEY AUTOINCREMENT, "jti" char(32) NOT NULL UNIQUE, "expires" datetime NOT NULL, "scope" text NOT NULL, "created" datetime NOT NULL, "updated" datetime NOT NULL, "application_id" bigint NULL REFERENCES "oauth2_provider_application" ("id") DEFERRABLE INITIALLY DEFERRED, "user_id" integer NULL REFERENCES "auth_user" ("id") DEFERRABLE INITIALLY DEFERRED);
CREATE TABLE IF NOT EXISTS "oauth2_provider_accesstoken" ("id" integer NOT NULL PRIMARY KEY AUTOINCREMENT, "token" varchar(255) NOT NULL UNIQUE, "expires" datetime NOT NULL, "scope" text NOT NULL, "application_id" bigint NULL REFERENCES "oauth2_provider_application" ("id") DEFERRABLE INITIALLY DEFERRED, "user_id" integer NULL REFERENCES "auth_user" ("id") DEFERRABLE INITIALLY DEFERRED, "created" datetime NOT NULL, "updated" datetime NOT NULL, "source_refresh_token_id" bigint NULL UNIQUE REFERENCES "oauth2_provider_refreshtoken" ("id") DEFERRABLE INITIALLY DEFERRED, "id_token_id" bigint NULL UNIQUE REFERENCES "oauth2_provider_idtoken" ("id") DEFERRABLE INITIALLY DEFERRED);
CREATE TABLE IF NOT EXISTS "oauth2_provider_grant" ("id" integer NOT NULL PRIMARY KEY AUTOINCREMENT, "code" varchar(255) NOT NULL UNIQUE, "expires" datetime NOT NULL, "redirect_uri" text NOT NULL, "scope" text NOT NULL, "application_id" bigint NOT NULL REFERENCES "oauth2_provider_application" ("id") DEFERRABLE INITIALLY DEFERRED, "user_id" integer NOT NULL REFERENCES "auth_user" ("id") DEFERRABLE INITIALLY DEFERRED, "created" datetime NOT NULL, "updated" datetime NOT NULL, "code_challenge" varchar(128) NOT NULL, "code_challenge_method" varchar(10) NOT NULL, "nonce" varchar(255) NOT NULL, "claims" text NOT NULL);
CREATE TABLE IF NOT EXISTS "oauth2_provider_application" ("id" integer NOT NULL PRIMARY KEY AUTOINCREMENT, "client_id" varchar(100) NOT NULL UNIQUE, "redirect_uris" text NOT NULL, "client_type" varchar(32) NOT NULL, "authorization_grant_type" varchar(32) NOT NULL, "client_secret" varchar(255) NOT NULL, "name" varchar(255) NOT NULL, "user_id" integer NULL REFERENCES "auth_user" ("id") DEFERRABLE INITIALLY DEFERRED, "skip_authorization" bool NOT NULL, "created" datetime NOT NULL, "updated" datetime NOT NULL, "algorithm" varchar(5) NOT NULL, "post_logout_redirect_uris" text NOT NULL);
CREATE TABLE IF NOT EXISTS "social_auth_association" ("id" integer NOT NULL PRIMARY KEY AUTOINCREMENT, "server_url" varchar(255) NOT NULL, "handle" varchar(255) NOT NULL, "secret" varchar(255) NOT NULL, "issued" integer NOT NULL, "lifetime" integer NOT NULL, "assoc_type" varchar(64) NOT NULL);
CREATE TABLE IF NOT EXISTS "social_auth_code" ("id" integer NOT NULL PRIMARY KEY AUTOINCREMENT, "email" varchar(254) NOT NULL, "code" varchar(32) NOT NULL, "verified" bool NOT NULL, "timestamp" datetime NOT NULL);
CREATE TABLE IF NOT EXISTS "social_auth_nonce" ("id" integer NOT NULL PRIMARY KEY AUTOINCREMENT, "server_url" varchar(255) NOT NULL, "timestamp" integer NOT NULL, "salt" varchar(65) NOT NULL);
CREATE TABLE IF NOT EXISTS "social_auth_usersocialauth" ("id" integer NOT NULL PRIMARY KEY AUTOINCREMENT, "provider" varchar(32) NOT NULL, "uid" varchar(255) NOT NULL, "user_id" integer NOT NULL REFERENCES "auth_user" ("id") DEFERRABLE INITIALLY DEFERRED, "created" datetime NOT NULL, "modified" datetime NOT NULL, "extra_data" text NOT NULL CHECK ((JSON_VALID("extra_data") OR "extra_data" IS NULL)));
CREATE TABLE IF NOT EXISTS "social_auth_partial" ("id" integer NOT NULL PRIMARY KEY AUTOINCREMENT, "token" varchar(32) NOT NULL, "next_step" smallint unsigned NOT NULL CHECK ("next_step" >= 0), "backend" varchar(32) NOT NULL, "timestamp" datetime NOT NULL, "data" text NOT NULL CHECK ((JSON_VALID("data") OR "data" IS NULL)));
CREATE TABLE IF NOT EXISTS "users_profile" ("id" integer NOT NULL PRIMARY KEY AUTOINCREMENT, "image" varchar(100) NULL, "user_id" integer NOT NULL UNIQUE REFERENCES "auth_user" ("id") DEFERRABLE INITIALLY DEFERRED);
CREATE TABLE IF NOT EXISTS "Customer_saleslog" ("ticket_no" varchar(100) NULL, "pnr_no" varchar(100) NULL, "route" varchar(100) NULL, "travel_date" date NOT NULL, "payment_method" varchar(10) NOT NULL, "remarks" varchar(100) NULL, "date_of_issue" date NOT NULL, "customer_id" bigint NOT NULL REFERENCES "Customer_customer" ("id") DEFERRABLE INITIALLY DEFERRED, "agent_name" varchar(100) NULL, "base_fare" varchar(10) NULL, "discount" varchar(10) NULL, "tax" varchar(10) NULL, "issue_types" varchar(10) NOT NULL, "penalty" varchar(10) NULL, "refund_price" varchar(10) NULL, "service_charge" varchar(10) NULL, "id" integer NOT NULL PRIMARY KEY AUTOINCREMENT, "due" varchar(10) NULL, "paid" varchar(10) NULL, "created_on" datetime NULL, "payment_status" varchar(10) NULL);
INSERT INTO Customer_saleslog VALUES('8551015778765','BTWZQU','DAC-ZYL','2024-01-13','bank','OTA','2024-01-12',18,'Amy Be Fresh','3324','0','975','','0','0','0',9,'4299',NULL,'2024-02-17 11:29:39.222850','due');
INSERT INTO Customer_saleslog VALUES('7792103196623','FHB2401011075329','ZYL-DAC','2024-01-10','cash','OTA','2024-01-01',8,'Flyhub','4224','134','975','','0','0','0',10,'0','5065','2024-02-17 11:33:15.921218','paid');
INSERT INTO Customer_saleslog VALUES('9976661802259','FHB2401061082240','DAC-ZYL','2024-01-21','cash','OTA','2024-01-06',12,'Flyhub','2625','0','975','','0','0','0',11,'0','3600','2024-02-17 11:39:55.186771','paid');
INSERT INTO Customer_saleslog VALUES('9976661802260','FHB2401061082240','DAC-ZYL','2024-01-21','cash','OTA','2024-01-06',13,'Flyhub','2625','0','975','','0','0','0',12,NULL,'3600','2024-02-17 11:44:51.945669','paid');
INSERT INTO Customer_saleslog VALUES('7792408203184','065OYR','DAC-ZYL','2024-01-03','mfs','OTA','2024-01-01',5,'Amy Be Fresh','4574','0','975','','0','0','0',13,'0','5549','2024-02-18 08:08:59.092589','paid');
INSERT INTO Customer_saleslog VALUES('7792408203185','065OYR','DAC-ZYL','2024-01-03','mfs','OTA','2024-01-01',7,'Amy Be Fresh','622','0','246','','0','0','0',14,'0','868','2024-02-18 08:11:34.962597','paid');
INSERT INTO Customer_saleslog VALUES('2296678470563','FHB2312311073987','DAC-JFK','2024-01-11','bank','OTA','2024-01-11',8,'Flyhub','80152','0','19184','','0','0','0',15,'0','99336','2024-02-19 08:50:57.232168','paid');
INSERT INTO Customer_saleslog VALUES('9976678466343','LHTU9I','MAA-DAC','2024-01-04','cash','0','2024-01-03',10,'Suma International Services','7782','0','2668','','0','0','0',16,'0','10500','2024-02-19 09:04:01.622605','paid');
INSERT INTO Customer_saleslog VALUES('9976678466344','LHTU9I','MAA-DAC','2024-01-04','cash','0','2024-01-03',11,'Suma International Services','7782','0','2668','','0','0','0',17,'0','10500','2024-02-19 09:06:41.708463','paid');
INSERT INTO Customer_saleslog VALUES('9976678466416','VAMIIR','ZYL-LHR-ZYL','2024-03-29','bank','0','2024-01-07',14,'Suma International Services','115237','4329','31092','','0','0','0',18,'0','142000','2024-02-19 09:15:50.401064','paid');
INSERT INTO Customer_saleslog VALUES('7792103205165','FHB2401081084909','DAC-ZYL','2024-01-16','bank','OTA','2024-01-08',15,'Flyhub',NULL,NULL,NULL,'reissue','1200','448','0',19,'0','2000','2024-02-19 09:22:59.945252','paid');
INSERT INTO Customer_saleslog VALUES('1576678466483','PMO6J8','DAC-JFK','2024-01-18','bank','0','2024-01-10',16,'Suma International Services','55721','0','20615','','0','0','0',20,'76336','0','2024-02-19 09:27:03.118906','due');
INSERT INTO Customer_saleslog VALUES('8551015778764','BTWZQU','DAC-ZYL','2024-01-13','bank','OTA','2024-01-12',17,'Amy Be Fresh','3324','0','975','','0','0','0',21,'4299','0','2024-02-19 09:30:43.133246','due');
INSERT INTO Customer_saleslog VALUES('8551015778770','YZGTUC','ZYL-DAC','2024-01-14','bank','OTA','2024-01-12',18,'Amy Be Fresh','3324','0','975','','0','0','0',22,'4299','0','2024-02-19 09:33:17.594309','due');
INSERT INTO Customer_saleslog VALUES('8551015778771','YZGTUC','ZYL-DAC','2024-01-14','cash','OTA','2024-01-14',17,'Amy Be Fresh',NULL,NULL,NULL,'refund','2000','2000','0',23,'0','2000','2024-02-19 09:50:01.081331','paid');
INSERT INTO Customer_saleslog VALUES('7792103212318','FHB2401121092514','DAC-ZYL','2024-01-16','cash','OTA','2024-01-12',19,'Flyhub','3524','0','975','','0','0','0',24,'0','4450','2024-02-19 09:53:09.366254','paid');
INSERT INTO Customer_saleslog VALUES('7792103212907','FHB2401121092997','DAC-ZYL','2024-01-14','bank','OTA','2024-01-12',20,'Flyhub','4224','0','975','','0','0','0',25,'5199','0','2024-02-19 09:55:43.767372','due');
INSERT INTO Customer_saleslog VALUES('8551015779669','FHB2401121092988','ZYL-DAC','2024-01-18','cash','OTA','2024-01-18',21,'Flyhub','3314','293','975','','0','0','0',26,'0','4006','2024-02-19 10:01:52.874386','paid');
INSERT INTO Customer_saleslog VALUES('8551015779675','FHB2401121092981','DAC-ZYL','2024-01-18','cash','OTA','2024-01-12',21,'Flyhub','3324','334','975','','0','0','0',27,'0','3965','2024-02-19 10:06:28.592137','paid');
INSERT INTO Customer_saleslog VALUES('8551015779670','FHB2401121092988','ZYL-DAC','2024-01-18','cash','OTA','2024-01-12',22,'Flyhub','3324','293','975','','0','0','0',28,'0','4006','2024-02-19 10:09:42.337023','paid');
INSERT INTO Customer_saleslog VALUES('8551015779677','FHB2401121092981','DAC-ZYL','2024-01-18','cash','OTA','2024-01-12',22,'Flyhub','3324','333','975','','0','0','0',29,'0','3966','2024-02-19 10:13:47.820128','paid');
INSERT INTO Customer_saleslog VALUES('8551015779671','FHB2401121092988','ZYL-DAC','2024-01-18','cash','OTA','2024-01-12',23,'Flyhub','3324','293','975','','0','0','0',30,'0','4006','2024-02-19 10:16:46.520052','paid');
INSERT INTO Customer_saleslog VALUES('8551015779676','FHB2401121092981','DAC-ZYL','2024-01-18','cash','OTA','2024-01-12',23,'Flyhub','3324','333','975','','0','0','0',31,'0','3966','2024-02-19 10:19:39.407281','paid');
INSERT INTO Customer_saleslog VALUES('8551015779672','FHB2401121092988','ZYL-DAC','2024-01-18','cash','OTA','2024-01-12',24,'Flyhub','3324','293','975','',NULL,NULL,NULL,32,'0','4006','2024-02-19 10:21:52.654984','paid');
INSERT INTO Customer_saleslog VALUES('8551015779673','FHB2401121092988','ZYL-DAC','2024-01-18','cash','OTA','2024-01-12',25,'Flyhub','3324','294','975','',NULL,NULL,NULL,33,'0','4005','2024-02-19 10:24:23.396965','paid');
INSERT INTO Customer_saleslog VALUES('8551015779674','FHB2401121092988','ZYL-DAC','2024-01-18','cash','OTA','2024-01-12',26,'Flyhub','2493','294','825','',NULL,NULL,NULL,34,NULL,'3024','2024-02-19 10:27:12.173710','paid');
INSERT INTO Customer_saleslog VALUES('8551015780941','KIBJVO','DAC-ZYL','2024-01-14','mfs','OTA','2024-01-13',27,'Amy Be Fresh','3324',NULL,'975','',NULL,NULL,NULL,35,NULL,'4449','2024-02-19 10:32:51.085504','paid');
INSERT INTO Customer_saleslog VALUES('8551015780941','KIBJVO','DAC-ZYL','2024-01-14','mfs','OTA','2024-01-13',27,'Amy Be Fresh','3324',NULL,'975','',NULL,NULL,NULL,36,NULL,'4449','2024-02-19 10:33:19.927135','paid');
INSERT INTO Customer_saleslog VALUES('8551015780941','KIBJVO','DAC-ZYL','2024-01-14','mfs','OTA','2024-01-13',27,'Amy Be Fresh','3324','0','975','','0','0','0',37,'0','4449','2024-02-19 10:34:02.406672','paid');
CREATE TABLE IF NOT EXISTS "Customer_customer" ("id" integer NOT NULL PRIMARY KEY AUTOINCREMENT, "first_name" varchar(100) NULL, "last_name" varchar(100) NULL, "passport_no" varchar(100) NULL, "email" varchar(254) NULL UNIQUE, "address" text NULL, "booking_type" varchar(10) NULL, "file" varchar(100) NULL, "phone_number" varchar(15) NOT NULL);
INSERT INTO Customer_customer VALUES(5,'Ayesha','Akter','000','gsmtravelservices@gmail.com','Dhaka','Flight','','01711984439');
INSERT INTO Customer_customer VALUES(7,'Areez Bin','Akter',NULL,NULL,'Dhaka','Flight','','01711984439');
INSERT INTO Customer_customer VALUES(8,'Lubaba','Khanom','A00191576',NULL,'Sylhet','Flight','','01711922554');
INSERT INTO Customer_customer VALUES(9,'Fatima Begum','Choudhury',NULL,NULL,'Sylhet','Flight','','01710943834');
INSERT INTO Customer_customer VALUES(10,'Mahdi Islam','Mahim','EG0235788',NULL,'Sylhet','Flight','','01710943834');
INSERT INTO Customer_customer VALUES(11,'M A M','Mamun','EG0236037',NULL,'Sylhet','Flight','','01710943834');
INSERT INTO Customer_customer VALUES(12,'Mohammed Iqbal','Esak',NULL,NULL,'Sylhet','Flight','','01761140442');
INSERT INTO Customer_customer VALUES(13,'Juli','Begum',NULL,NULL,'Sylhet','Flight','','01761140442');
INSERT INTO Customer_customer VALUES(14,'Hillul Kumar','Kor','558323864',NULL,'Sylhet','Flight','','01795374737');
INSERT INTO Customer_customer VALUES(15,'Mohammed K','Zaman','YM9973022',NULL,'Sylhet','Flight','','01711922554');
INSERT INTO Customer_customer VALUES(16,'Obaidur Rahman','Khan','590370955',NULL,'Sylhet','Flight','','01710943834');
INSERT INTO Customer_customer VALUES(17,'Tofayel Mostafa','Sorwar',NULL,NULL,'Dhaka','Flight','','01730027784');
INSERT INTO Customer_customer VALUES(18,'Nabil Ahmed','Chowdhury','A01982704',NULL,'Dhaka','Flight','','01715604046');
INSERT INTO Customer_customer VALUES(19,'Muhammad Dhaamin Samee','Ahmed',NULL,NULL,'Sylhet','Flight','','01710943834');
INSERT INTO Customer_customer VALUES(20,'Ahmed Kobir','Nazmee','A11867417',NULL,'Sylhet','Flight','','01711311655');
INSERT INTO Customer_customer VALUES(21,'Shahanara','Begum',NULL,NULL,'Sylhet','Flight','','01710943834');
INSERT INTO Customer_customer VALUES(22,'Mohammed Azad','Miah',NULL,NULL,'Sylhet','Flight','','01710943834');
INSERT INTO Customer_customer VALUES(23,'Mohammed Asif','Miah',NULL,NULL,'Sylhet','Flight','','01710943834');
INSERT INTO Customer_customer VALUES(24,'Arefa Yasmin','Miah',NULL,NULL,'Sylhet','Flight','','01710943834');
INSERT INTO Customer_customer VALUES(25,'Mohammed Abul','Kalam',NULL,NULL,'Sylhet','Flight','','01710943834');
INSERT INTO Customer_customer VALUES(26,'Isa Ayaan','Ahmed',NULL,NULL,'Sylhet','Flight','','01710943834');
INSERT INTO Customer_customer VALUES(27,'Nurul Islam','Chowdhury',NULL,NULL,'Dhaka','Flight','','01715604046');
INSERT INTO Customer_customer VALUES(28,'Shamsun','Ahmed',NULL,NULL,'Dhaka','Flight','','01715604046');
INSERT INTO Customer_customer VALUES(29,'Fahat Ahmed','Chowdhury',NULL,NULL,'Sylhet','Flight','','01710943834');
INSERT INTO Customer_customer VALUES(30,'Nishat Tasnim','Chowdhury',NULL,NULL,'Sylhet','Flight','','01710943834');
INSERT INTO Customer_customer VALUES(31,'Sunjida Jaman','Tuly',NULL,NULL,'Sylhet','Flight','','01710943834');
INSERT INTO Customer_customer VALUES(32,'Nuhat Nayra','Chowdhury',NULL,NULL,'Sylhet','Flight','','01710943834');
INSERT INTO Customer_customer VALUES(33,'Amaira','Chowdhury',NULL,NULL,'Sylhet','Flight','','01710943834');
INSERT INTO Customer_customer VALUES(34,'Maryam','Khan',NULL,NULL,'Sylhet','Flight','','01710943834');
INSERT INTO Customer_customer VALUES(35,'Somnath','Mukherjee',NULL,NULL,'Dhaka','Flight','','01711922554');
INSERT INTO Customer_customer VALUES(36,'Hafsa Rahim','Nanziba',NULL,NULL,'Sylhet','Flight','','01741160691');
INSERT INTO Customer_customer VALUES(37,'Istiaque Ahmed','Emu','576993211',NULL,'UK','Flight','','01710943834');
INSERT INTO Customer_customer VALUES(38,'Dirwana Khalil','Chowdhury',NULL,NULL,'Sylhet','Flight','','01710943834');
INSERT INTO Customer_customer VALUES(39,'Mohammed Azizul Haque','Manik','BG0001900',NULL,'Sylhet','Flight','','01710943834');
INSERT INTO Customer_customer VALUES(40,'Fahmida','Sadiuue',NULL,NULL,'Dhaka','Flight','','01678647221');
INSERT INTO Customer_customer VALUES(41,'ms pamita','chowdhury','A07726992',NULL,'sylhet','Flight','','01710943834');
INSERT INTO Customer_customer VALUES(42,'Ms. aishy','desh mitu','A04336981',NULL,'dhaka','Flight','','01710943834');
INSERT INTO Customer_customer VALUES(43,'MS.raiha','mustafa',NULL,NULL,'Dhaka','Flight','','01678647221');
INSERT INTO Customer_customer VALUES(44,'Mr.Abdur','Razzaque','HL649960',NULL,'Dhaka','Flight','','01741160691');
INSERT INTO Customer_customer VALUES(45,'Mr.nasar rahim','nadim','A03969192',NULL,'sylhet','Flight','','01741160691');
INSERT INTO Customer_customer VALUES(46,'Mr.md shahadat karim','chowdhury',NULL,NULL,'sylhet','Flight','','01710943834');
INSERT INTO Customer_customer VALUES(47,'Ms.Monoara khanom','chowdhury',NULL,NULL,'sylhet','Flight','','01710943834');
INSERT INTO Customer_customer VALUES(48,'Miss Azrah','chowdhury',NULL,NULL,'sylhet','Flight','','01710943834');
INSERT INTO Customer_customer VALUES(49,'Miss Zahraa','chowdhury',NULL,NULL,'sylhet','Flight','','01710943834');
INSERT INTO Customer_customer VALUES(50,'MR.Siplu','chowdhury',NULL,NULL,'sylhet','Flight','','01710943834');
INSERT INTO Customer_customer VALUES(51,'Ms.sofina','Begum',NULL,NULL,'sylhet','Flight','','01852518166');
INSERT INTO Customer_customer VALUES(52,'Mr.Muhammed','Raihan',NULL,NULL,'sylhet','Flight','','01852518166');
INSERT INTO Customer_customer VALUES(53,'Mr.Ashfak','Ahmed',NULL,NULL,'sylhet','Flight','','01852518166');
INSERT INTO Customer_customer VALUES(54,'Mr. abdus','shukur',NULL,NULL,'sylhet','Flight','','01852518166');
INSERT INTO Customer_customer VALUES(55,'Mr.Ferdous ahmed','chowdhury','A27052929',NULL,'sylhet','Flight','','01710943834');
INSERT INTO Customer_customer VALUES(56,'Ms.juha hawah','chowdhury','A09206437',NULL,'sylhet','Flight','','01710943834');
INSERT INTO Customer_customer VALUES(57,'miss. Maryam','chowdhury','A10868254',NULL,'sylhet','Flight','','01710943834');
DELETE FROM sqlite_sequence;
INSERT INTO sqlite_sequence VALUES('django_migrations',80);
INSERT INTO sqlite_sequence VALUES('django_admin_log',163);
INSERT INTO sqlite_sequence VALUES('django_content_type',24);
INSERT INTO sqlite_sequence VALUES('auth_permission',96);
INSERT INTO sqlite_sequence VALUES('auth_group',0);
INSERT INTO sqlite_sequence VALUES('auth_user',4);
INSERT INTO sqlite_sequence VALUES('ticket_management_ticket',0);
INSERT INTO sqlite_sequence VALUES('agent_agentlog',38);
INSERT INTO sqlite_sequence VALUES('agent_agentlist',5);
INSERT INTO sqlite_sequence VALUES('oauth2_provider_accesstoken',0);
INSERT INTO sqlite_sequence VALUES('oauth2_provider_grant',0);
INSERT INTO sqlite_sequence VALUES('oauth2_provider_application',0);
INSERT INTO sqlite_sequence VALUES('social_auth_association',0);
INSERT INTO sqlite_sequence VALUES('social_auth_code',0);
INSERT INTO sqlite_sequence VALUES('social_auth_nonce',0);
INSERT INTO sqlite_sequence VALUES('social_auth_usersocialauth',0);
INSERT INTO sqlite_sequence VALUES('social_auth_partial',0);
INSERT INTO sqlite_sequence VALUES('auth_user_user_permissions',29);
INSERT INTO sqlite_sequence VALUES('Customer_saleslog',37);
INSERT INTO sqlite_sequence VALUES('Customer_customer',57);
CREATE UNIQUE INDEX "auth_group_permissions_group_id_permission_id_0cd325b0_uniq" ON "auth_group_permissions" ("group_id", "permission_id");
CREATE INDEX "auth_group_permissions_group_id_b120cbf9" ON "auth_group_permissions" ("group_id");
CREATE INDEX "auth_group_permissions_permission_id_84c5c92e" ON "auth_group_permissions" ("permission_id");
CREATE UNIQUE INDEX "auth_user_groups_user_id_group_id_94350c0c_uniq" ON "auth_user_groups" ("user_id", "group_id");
CREATE INDEX "auth_user_groups_user_id_6a12ed8b" ON "auth_user_groups" ("user_id");
CREATE INDEX "auth_user_groups_group_id_97559544" ON "auth_user_groups" ("group_id");
CREATE UNIQUE INDEX "auth_user_user_permissions_user_id_permission_id_14a6b632_uniq" ON "auth_user_user_permissions" ("user_id", "permission_id");
CREATE INDEX "auth_user_user_permissions_user_id_a95ead1b" ON "auth_user_user_permissions" ("user_id");
CREATE INDEX "auth_user_user_permissions_permission_id_1fbb5f2c" ON "auth_user_user_permissions" ("permission_id");
CREATE INDEX "django_admin_log_content_type_id_c4bce8eb" ON "django_admin_log" ("content_type_id");
CREATE INDEX "django_admin_log_user_id_c564eba6" ON "django_admin_log" ("user_id");
CREATE UNIQUE INDEX "django_content_type_app_label_model_76bd3d3b_uniq" ON "django_content_type" ("app_label", "model");
CREATE UNIQUE INDEX "auth_permission_content_type_id_codename_01ab375a_uniq" ON "auth_permission" ("content_type_id", "codename");
CREATE INDEX "auth_permission_content_type_id_2f476e4b" ON "auth_permission" ("content_type_id");
CREATE UNIQUE INDEX "allusers_customuser_groups_customuser_id_group_id_e579bd52_uniq" ON "allusers_customuser_groups" ("customuser_id", "group_id");
CREATE INDEX "allusers_customuser_groups_customuser_id_a076ca9d" ON "allusers_customuser_groups" ("customuser_id");
CREATE INDEX "allusers_customuser_groups_group_id_8a86d3ee" ON "allusers_customuser_groups" ("group_id");
CREATE UNIQUE INDEX "allusers_customuser_user_permissions_customuser_id_permission_id_b9a2ba02_uniq" ON "allusers_customuser_user_permissions" ("customuser_id", "permission_id");
CREATE INDEX "allusers_customuser_user_permissions_customuser_id_44138a54" ON "allusers_customuser_user_permissions" ("customuser_id");
CREATE INDEX "allusers_customuser_user_permissions_permission_id_bcd47f02" ON "allusers_customuser_user_permissions" ("permission_id");
CREATE INDEX "django_session_expire_date_a5c62663" ON "django_session" ("expire_date");
CREATE INDEX "ticket_management_ticket_customer_id_f1e89e8e" ON "ticket_management_ticket" ("customer_id");
CREATE UNIQUE INDEX "oauth2_provider_refreshtoken_token_revoked_af8a5134_uniq" ON "oauth2_provider_refreshtoken" ("token", "revoked");
CREATE INDEX "oauth2_provider_refreshtoken_application_id_2d1c311b" ON "oauth2_provider_refreshtoken" ("application_id");
CREATE INDEX "oauth2_provider_refreshtoken_user_id_da837fce" ON "oauth2_provider_refreshtoken" ("user_id");
CREATE INDEX "oauth2_provider_idtoken_application_id_08c5ff4f" ON "oauth2_provider_idtoken" ("application_id");
CREATE INDEX "oauth2_provider_idtoken_user_id_dd512b59" ON "oauth2_provider_idtoken" ("user_id");
CREATE INDEX "oauth2_provider_accesstoken_application_id_b22886e1" ON "oauth2_provider_accesstoken" ("application_id");
CREATE INDEX "oauth2_provider_accesstoken_user_id_6e4c9a65" ON "oauth2_provider_accesstoken" ("user_id");
CREATE INDEX "oauth2_provider_grant_application_id_81923564" ON "oauth2_provider_grant" ("application_id");
CREATE INDEX "oauth2_provider_grant_user_id_e8f62af8" ON "oauth2_provider_grant" ("user_id");
CREATE INDEX "oauth2_provider_application_client_secret_53133678" ON "oauth2_provider_application" ("client_secret");
CREATE INDEX "oauth2_provider_application_user_id_79829054" ON "oauth2_provider_application" ("user_id");
CREATE UNIQUE INDEX "social_auth_association_server_url_handle_078befa2_uniq" ON "social_auth_association" ("server_url", "handle");
CREATE UNIQUE INDEX "social_auth_code_email_code_801b2d02_uniq" ON "social_auth_code" ("email", "code");
CREATE INDEX "social_auth_code_code_a2393167" ON "social_auth_code" ("code");
CREATE INDEX "social_auth_code_timestamp_176b341f" ON "social_auth_code" ("timestamp");
CREATE UNIQUE INDEX "social_auth_nonce_server_url_timestamp_salt_f6284463_uniq" ON "social_auth_nonce" ("server_url", "timestamp", "salt");
CREATE UNIQUE INDEX "social_auth_usersocialauth_provider_uid_e6b5e668_uniq" ON "social_auth_usersocialauth" ("provider", "uid");
CREATE INDEX "social_auth_usersocialauth_uid_796e51dc" ON "social_auth_usersocialauth" ("uid");
CREATE INDEX "social_auth_usersocialauth_user_id_17d28448" ON "social_auth_usersocialauth" ("user_id");
CREATE INDEX "social_auth_partial_token_3017fea3" ON "social_auth_partial" ("token");
CREATE INDEX "social_auth_partial_timestamp_50f2119f" ON "social_auth_partial" ("timestamp");
CREATE INDEX "Customer_saleslog_customer_id_5c5576d1" ON "Customer_saleslog" ("customer_id");
COMMIT;
